{"ContentRoots":["D:\\Tools\\WebScraper\\RazorClassLibrary\\wwwroot\\","D:\\Tools\\WebScraper\\RazorClassLibrary\\obj\\Debug\\net8.0\\scopedcss\\bundle\\"],"Root":{"Children":{"app.css":{"Children":null,"Asset":{"ContentRootIndex":0,"SubPath":"app.css"},"Patterns":null},"background.png":{"Children":null,"Asset":{"ContentRootIndex":0,"SubPath":"background.png"},"Patterns":null},"bootstrap":{"Children":{"bootstrap.min.css":{"Children":null,"Asset":{"ContentRootIndex":0,"SubPath":"bootstrap/bootstrap.min.css"},"Patterns":null},"bootstrap.min.css.map":{"Children":null,"Asset":{"ContentRootIndex":0,"SubPath":"bootstrap/bootstrap.min.css.map"},"Patterns":null}},"Asset":null,"Patterns":null},"favicon.png":{"Children":null,"Asset":{"ContentRootIndex":0,"SubPath":"favicon.png"},"Patterns":null},"RazorClassLibrary.styles.css":{"Children":null,"Asset":{"ContentRootIndex":1,"SubPath":"RazorClassLibrary.styles.css"},"Patterns":null}},"Asset":null,"Patterns":[{"ContentRootIndex":0,"Pattern":"**","Depth":0}]}}