{"ContentRoots":["D:\\Tools\\WebScraper\\WinFormsApp\\wwwroot\\","D:\\Tools\\WebScraper\\RazorClassLibrary\\obj\\Debug\\net8.0\\scopedcss\\projectbundle\\","D:\\Tools\\WebScraper\\RazorClassLibrary\\wwwroot\\","D:\\Tools\\WebScraper\\WinFormsApp\\obj\\Debug\\net8.0-windows\\scopedcss\\bundle\\"],"Root":{"Children":{"app.css":{"Children":null,"Asset":{"ContentRootIndex":0,"SubPath":"app.css"},"Patterns":null},"background.png":{"Children":null,"Asset":{"ContentRootIndex":0,"SubPath":"background.png"},"Patterns":null},"bootstrap":{"Children":{"bootstrap.min.css":{"Children":null,"Asset":{"ContentRootIndex":0,"SubPath":"bootstrap/bootstrap.min.css"},"Patterns":null},"bootstrap.min.css.map":{"Children":null,"Asset":{"ContentRootIndex":0,"SubPath":"bootstrap/bootstrap.min.css.map"},"Patterns":null}},"Asset":null,"Patterns":null},"favicon.png":{"Children":null,"Asset":{"ContentRootIndex":0,"SubPath":"favicon.png"},"Patterns":null},"_content":{"Children":{"RazorClassLibrary":{"Children":{"RazorClassLibrary.5six5eyn7f.bundle.scp.css":{"Children":null,"Asset":{"ContentRootIndex":1,"SubPath":"RazorClassLibrary.bundle.scp.css"},"Patterns":null},"app.css":{"Children":null,"Asset":{"ContentRootIndex":2,"SubPath":"app.css"},"Patterns":null},"background.png":{"Children":null,"Asset":{"ContentRootIndex":2,"SubPath":"background.png"},"Patterns":null},"bootstrap":{"Children":{"bootstrap.min.css":{"Children":null,"Asset":{"ContentRootIndex":2,"SubPath":"bootstrap/bootstrap.min.css"},"Patterns":null},"bootstrap.min.css.map":{"Children":null,"Asset":{"ContentRootIndex":2,"SubPath":"bootstrap/bootstrap.min.css.map"},"Patterns":null}},"Asset":null,"Patterns":null},"favicon.png":{"Children":null,"Asset":{"ContentRootIndex":2,"SubPath":"favicon.png"},"Patterns":null}},"Asset":null,"Patterns":[{"ContentRootIndex":2,"Pattern":"**","Depth":2}]}},"Asset":null,"Patterns":null},"WinFormsApp.styles.css":{"Children":null,"Asset":{"ContentRootIndex":3,"SubPath":"WinFormsApp.styles.css"},"Patterns":null}},"Asset":null,"Patterns":[{"ContentRootIndex":0,"Pattern":"**","Depth":0}]}}