{
  "Version": 1,
  "ManifestType": "Build",
  "Endpoints": [
    {
      "Route": "WinFormsApp.styles.css",
      "AssetFile": "WinFormsApp.styles.css",
      "Selectors": [],
      "ResponseHeaders": [
        {
          "Name": "Accept-Ranges",
          "Value": "bytes"
        },
        {
          "Name": "Cache-Control",
          "Value": "no-cache"
        },
        {
          "Name": "Content-Length",
          "Value": "85"
        },
        {
          "Name": "Content-Type",
          "Value": "text/css"
        },
        {
          "Name": "ETag",
          "Value": "\"TlUlzQFYO8Mh1qNPS2xAmQBuNHUvJYmltjcC5s8yLbM=\""
        },
        {
          "Name": "Last-Modified",
          "Value": "Wed, 09 Apr 2025 11:27:58 GMT"
        },
        {
          "Name": "Link",
          "Value": "<_content/RazorClassLibrary/RazorClassLibrary.5six5eyn7f.bundle.scp.css>; rel=\"preload\"; as=\"style\""
        }
      ],
      "EndpointProperties": [
        {
          "Name": "integrity",
          "Value": "sha256-TlUlzQFYO8Mh1qNPS2xAmQBuNHUvJYmltjcC5s8yLbM="
        }
      ]
    },
    {
      "Route": "WinFormsApp.yr6c0ujlgl.styles.css",
      "AssetFile": "WinFormsApp.styles.css",
      "Selectors": [],
      "ResponseHeaders": [
        {
          "Name": "Accept-Ranges",
          "Value": "bytes"
        },
        {
          "Name": "Cache-Control",
          "Value": "max-age=31536000, immutable"
        },
        {
          "Name": "Content-Length",
          "Value": "85"
        },
        {
          "Name": "Content-Type",
          "Value": "text/css"
        },
        {
          "Name": "ETag",
          "Value": "\"TlUlzQFYO8Mh1qNPS2xAmQBuNHUvJYmltjcC5s8yLbM=\""
        },
        {
          "Name": "Last-Modified",
          "Value": "Wed, 09 Apr 2025 11:27:58 GMT"
        },
        {
          "Name": "Link",
          "Value": "<_content/RazorClassLibrary/RazorClassLibrary.5six5eyn7f.bundle.scp.css>; rel=\"preload\"; as=\"style\""
        }
      ],
      "EndpointProperties": [
        {
          "Name": "fingerprint",
          "Value": "yr6c0ujlgl"
        },
        {
          "Name": "integrity",
          "Value": "sha256-TlUlzQFYO8Mh1qNPS2xAmQBuNHUvJYmltjcC5s8yLbM="
        },
        {
          "Name": "label",
          "Value": "WinFormsApp.styles.css"
        }
      ]
    },
    {
      "Route": "_content/RazorClassLibrary/RazorClassLibrary.5six5eyn7f.bundle.scp.css",
      "AssetFile": "_content/RazorClassLibrary/RazorClassLibrary.5six5eyn7f.bundle.scp.css",
      "Selectors": [],
      "ResponseHeaders": [
        {
          "Name": "Accept-Ranges",
          "Value": "bytes"
        },
        {
          "Name": "Cache-Control",
          "Value": "max-age=31536000, immutable"
        },
        {
          "Name": "Content-Length",
          "Value": "5917"
        },
        {
          "Name": "Content-Type",
          "Value": "text/css"
        },
        {
          "Name": "ETag",
          "Value": "\"qyV4e3ZxFoDxS19+QD4pMX+EzgkZY1honBBVuAnxVMI=\""
        },
        {
          "Name": "Last-Modified",
          "Value": "Wed, 09 Apr 2025 11:27:57 GMT"
        }
      ],
      "EndpointProperties": [
        {
          "Name": "fingerprint",
          "Value": "5six5eyn7f"
        },
        {
          "Name": "integrity",
          "Value": "sha256-qyV4e3ZxFoDxS19+QD4pMX+EzgkZY1honBBVuAnxVMI="
        },
        {
          "Name": "label",
          "Value": "_content/RazorClassLibrary/RazorClassLibrary.bundle.scp.css"
        }
      ]
    },
    {
      "Route": "_content/RazorClassLibrary/RazorClassLibrary.bundle.scp.css",
      "AssetFile": "_content/RazorClassLibrary/RazorClassLibrary.5six5eyn7f.bundle.scp.css",
      "Selectors": [],
      "ResponseHeaders": [
        {
          "Name": "Accept-Ranges",
          "Value": "bytes"
        },
        {
          "Name": "Cache-Control",
          "Value": "no-cache"
        },
        {
          "Name": "Content-Length",
          "Value": "5917"
        },
        {
          "Name": "Content-Type",
          "Value": "text/css"
        },
        {
          "Name": "ETag",
          "Value": "\"qyV4e3ZxFoDxS19+QD4pMX+EzgkZY1honBBVuAnxVMI=\""
        },
        {
          "Name": "Last-Modified",
          "Value": "Wed, 09 Apr 2025 11:27:57 GMT"
        }
      ],
      "EndpointProperties": [
        {
          "Name": "integrity",
          "Value": "sha256-qyV4e3ZxFoDxS19+QD4pMX+EzgkZY1honBBVuAnxVMI="
        }
      ]
    },
    {
      "Route": "_content/RazorClassLibrary/app.css",
      "AssetFile": "_content/RazorClassLibrary/app.css",
      "Selectors": [],
      "ResponseHeaders": [
        {
          "Name": "Accept-Ranges",
          "Value": "bytes"
        },
        {
          "Name": "Cache-Control",
          "Value": "no-cache"
        },
        {
          "Name": "Content-Length",
          "Value": "2591"
        },
        {
          "Name": "Content-Type",
          "Value": "text/css"
        },
        {
          "Name": "ETag",
          "Value": "\"u9qEka1auR7E3rd3/8/j8hkQdSOYj9bRJ4nYiFDR1sE=\""
        },
        {
          "Name": "Last-Modified",
          "Value": "Wed, 09 Apr 2025 08:27:34 GMT"
        }
      ],
      "EndpointProperties": [
        {
          "Name": "integrity",
          "Value": "sha256-u9qEka1auR7E3rd3/8/j8hkQdSOYj9bRJ4nYiFDR1sE="
        }
      ]
    },
    {
      "Route": "_content/RazorClassLibrary/app.da95v2qkru.css",
      "AssetFile": "_content/RazorClassLibrary/app.css",
      "Selectors": [],
      "ResponseHeaders": [
        {
          "Name": "Accept-Ranges",
          "Value": "bytes"
        },
        {
          "Name": "Cache-Control",
          "Value": "max-age=31536000, immutable"
        },
        {
          "Name": "Content-Length",
          "Value": "2591"
        },
        {
          "Name": "Content-Type",
          "Value": "text/css"
        },
        {
          "Name": "ETag",
          "Value": "\"u9qEka1auR7E3rd3/8/j8hkQdSOYj9bRJ4nYiFDR1sE=\""
        },
        {
          "Name": "Last-Modified",
          "Value": "Wed, 09 Apr 2025 08:27:34 GMT"
        }
      ],
      "EndpointProperties": [
        {
          "Name": "fingerprint",
          "Value": "da95v2qkru"
        },
        {
          "Name": "integrity",
          "Value": "sha256-u9qEka1auR7E3rd3/8/j8hkQdSOYj9bRJ4nYiFDR1sE="
        },
        {
          "Name": "label",
          "Value": "_content/RazorClassLibrary/app.css"
        }
      ]
    },
    {
      "Route": "_content/RazorClassLibrary/background.png",
      "AssetFile": "_content/RazorClassLibrary/background.png",
      "Selectors": [],
      "ResponseHeaders": [
        {
          "Name": "Accept-Ranges",
          "Value": "bytes"
        },
        {
          "Name": "Cache-Control",
          "Value": "max-age=3600, must-revalidate"
        },
        {
          "Name": "Content-Length",
          "Value": "378"
        },
        {
          "Name": "Content-Type",
          "Value": "image/png"
        },
        {
          "Name": "ETag",
          "Value": "\"WeOKCkI7IdJHs2kCqsKgLfiWX4/sNPbaRUspOLefkCY=\""
        },
        {
          "Name": "Last-Modified",
          "Value": "Wed, 09 Apr 2025 08:27:34 GMT"
        }
      ],
      "EndpointProperties": [
        {
          "Name": "integrity",
          "Value": "sha256-WeOKCkI7IdJHs2kCqsKgLfiWX4/sNPbaRUspOLefkCY="
        }
      ]
    },
    {
      "Route": "_content/RazorClassLibrary/background.x2rx4ajns0.png",
      "AssetFile": "_content/RazorClassLibrary/background.png",
      "Selectors": [],
      "ResponseHeaders": [
        {
          "Name": "Accept-Ranges",
          "Value": "bytes"
        },
        {
          "Name": "Cache-Control",
          "Value": "max-age=31536000, immutable"
        },
        {
          "Name": "Content-Length",
          "Value": "378"
        },
        {
          "Name": "Content-Type",
          "Value": "image/png"
        },
        {
          "Name": "ETag",
          "Value": "\"WeOKCkI7IdJHs2kCqsKgLfiWX4/sNPbaRUspOLefkCY=\""
        },
        {
          "Name": "Last-Modified",
          "Value": "Wed, 09 Apr 2025 08:27:34 GMT"
        }
      ],
      "EndpointProperties": [
        {
          "Name": "fingerprint",
          "Value": "x2rx4ajns0"
        },
        {
          "Name": "integrity",
          "Value": "sha256-WeOKCkI7IdJHs2kCqsKgLfiWX4/sNPbaRUspOLefkCY="
        },
        {
          "Name": "label",
          "Value": "_content/RazorClassLibrary/background.png"
        }
      ]
    },
    {
      "Route": "_content/RazorClassLibrary/bootstrap/bootstrap.min.6gzpyzhau4.css",
      "AssetFile": "_content/RazorClassLibrary/bootstrap/bootstrap.min.css",
      "Selectors": [],
      "ResponseHeaders": [
        {
          "Name": "Accept-Ranges",
          "Value": "bytes"
        },
        {
          "Name": "Cache-Control",
          "Value": "max-age=31536000, immutable"
        },
        {
          "Name": "Content-Length",
          "Value": "162726"
        },
        {
          "Name": "Content-Type",
          "Value": "text/css"
        },
        {
          "Name": "ETag",
          "Value": "\"SiIVMGgRhdXjKSTIddX7mh9IbOXVcwQWc7/p4nS6D/0=\""
        },
        {
          "Name": "Last-Modified",
          "Value": "Wed, 09 Apr 2025 08:27:34 GMT"
        }
      ],
      "EndpointProperties": [
        {
          "Name": "fingerprint",
          "Value": "6gzpyzhau4"
        },
        {
          "Name": "integrity",
          "Value": "sha256-SiIVMGgRhdXjKSTIddX7mh9IbOXVcwQWc7/p4nS6D/0="
        },
        {
          "Name": "label",
          "Value": "_content/RazorClassLibrary/bootstrap/bootstrap.min.css"
        }
      ]
    },
    {
      "Route": "_content/RazorClassLibrary/bootstrap/bootstrap.min.css",
      "AssetFile": "_content/RazorClassLibrary/bootstrap/bootstrap.min.css",
      "Selectors": [],
      "ResponseHeaders": [
        {
          "Name": "Accept-Ranges",
          "Value": "bytes"
        },
        {
          "Name": "Cache-Control",
          "Value": "no-cache"
        },
        {
          "Name": "Content-Length",
          "Value": "162726"
        },
        {
          "Name": "Content-Type",
          "Value": "text/css"
        },
        {
          "Name": "ETag",
          "Value": "\"SiIVMGgRhdXjKSTIddX7mh9IbOXVcwQWc7/p4nS6D/0=\""
        },
        {
          "Name": "Last-Modified",
          "Value": "Wed, 09 Apr 2025 08:27:34 GMT"
        }
      ],
      "EndpointProperties": [
        {
          "Name": "integrity",
          "Value": "sha256-SiIVMGgRhdXjKSTIddX7mh9IbOXVcwQWc7/p4nS6D/0="
        }
      ]
    },
    {
      "Route": "_content/RazorClassLibrary/bootstrap/bootstrap.min.css.8inm30yfxf.map",
      "AssetFile": "_content/RazorClassLibrary/bootstrap/bootstrap.min.css.map",
      "Selectors": [],
      "ResponseHeaders": [
        {
          "Name": "Accept-Ranges",
          "Value": "bytes"
        },
        {
          "Name": "Cache-Control",
          "Value": "max-age=31536000, immutable"
        },
        {
          "Name": "Content-Length",
          "Value": "449111"
        },
        {
          "Name": "Content-Type",
          "Value": "text/plain"
        },
        {
          "Name": "ETag",
          "Value": "\"gBwg2tmA0Ci2u54gMF1jNCVku6vznarkLS6D76htNNQ=\""
        },
        {
          "Name": "Last-Modified",
          "Value": "Wed, 09 Apr 2025 08:27:34 GMT"
        }
      ],
      "EndpointProperties": [
        {
          "Name": "fingerprint",
          "Value": "8inm30yfxf"
        },
        {
          "Name": "integrity",
          "Value": "sha256-gBwg2tmA0Ci2u54gMF1jNCVku6vznarkLS6D76htNNQ="
        },
        {
          "Name": "label",
          "Value": "_content/RazorClassLibrary/bootstrap/bootstrap.min.css.map"
        }
      ]
    },
    {
      "Route": "_content/RazorClassLibrary/bootstrap/bootstrap.min.css.map",
      "AssetFile": "_content/RazorClassLibrary/bootstrap/bootstrap.min.css.map",
      "Selectors": [],
      "ResponseHeaders": [
        {
          "Name": "Accept-Ranges",
          "Value": "bytes"
        },
        {
          "Name": "Cache-Control",
          "Value": "no-cache"
        },
        {
          "Name": "Content-Length",
          "Value": "449111"
        },
        {
          "Name": "Content-Type",
          "Value": "text/plain"
        },
        {
          "Name": "ETag",
          "Value": "\"gBwg2tmA0Ci2u54gMF1jNCVku6vznarkLS6D76htNNQ=\""
        },
        {
          "Name": "Last-Modified",
          "Value": "Wed, 09 Apr 2025 08:27:34 GMT"
        }
      ],
      "EndpointProperties": [
        {
          "Name": "integrity",
          "Value": "sha256-gBwg2tmA0Ci2u54gMF1jNCVku6vznarkLS6D76htNNQ="
        }
      ]
    },
    {
      "Route": "_content/RazorClassLibrary/favicon.ifv42okdf2.png",
      "AssetFile": "_content/RazorClassLibrary/favicon.png",
      "Selectors": [],
      "ResponseHeaders": [
        {
          "Name": "Accept-Ranges",
          "Value": "bytes"
        },
        {
          "Name": "Cache-Control",
          "Value": "max-age=31536000, immutable"
        },
        {
          "Name": "Content-Length",
          "Value": "1148"
        },
        {
          "Name": "Content-Type",
          "Value": "image/png"
        },
        {
          "Name": "ETag",
          "Value": "\"4mWsDy3aHl36ZbGt8zByK7Pvd4kRUoNgTYzRnwmPHwg=\""
        },
        {
          "Name": "Last-Modified",
          "Value": "Wed, 09 Apr 2025 08:27:34 GMT"
        }
      ],
      "EndpointProperties": [
        {
          "Name": "fingerprint",
          "Value": "ifv42okdf2"
        },
        {
          "Name": "integrity",
          "Value": "sha256-4mWsDy3aHl36ZbGt8zByK7Pvd4kRUoNgTYzRnwmPHwg="
        },
        {
          "Name": "label",
          "Value": "_content/RazorClassLibrary/favicon.png"
        }
      ]
    },
    {
      "Route": "_content/RazorClassLibrary/favicon.png",
      "AssetFile": "_content/RazorClassLibrary/favicon.png",
      "Selectors": [],
      "ResponseHeaders": [
        {
          "Name": "Accept-Ranges",
          "Value": "bytes"
        },
        {
          "Name": "Cache-Control",
          "Value": "max-age=3600, must-revalidate"
        },
        {
          "Name": "Content-Length",
          "Value": "1148"
        },
        {
          "Name": "Content-Type",
          "Value": "image/png"
        },
        {
          "Name": "ETag",
          "Value": "\"4mWsDy3aHl36ZbGt8zByK7Pvd4kRUoNgTYzRnwmPHwg=\""
        },
        {
          "Name": "Last-Modified",
          "Value": "Wed, 09 Apr 2025 08:27:34 GMT"
        }
      ],
      "EndpointProperties": [
        {
          "Name": "integrity",
          "Value": "sha256-4mWsDy3aHl36ZbGt8zByK7Pvd4kRUoNgTYzRnwmPHwg="
        }
      ]
    },
    {
      "Route": "app.css",
      "AssetFile": "app.css",
      "Selectors": [],
      "ResponseHeaders": [
        {
          "Name": "Accept-Ranges",
          "Value": "bytes"
        },
        {
          "Name": "Cache-Control",
          "Value": "no-cache"
        },
        {
          "Name": "Content-Length",
          "Value": "2591"
        },
        {
          "Name": "Content-Type",
          "Value": "text/css"
        },
        {
          "Name": "ETag",
          "Value": "\"u9qEka1auR7E3rd3/8/j8hkQdSOYj9bRJ4nYiFDR1sE=\""
        },
        {
          "Name": "Last-Modified",
          "Value": "Wed, 09 Apr 2025 08:27:34 GMT"
        }
      ],
      "EndpointProperties": [
        {
          "Name": "integrity",
          "Value": "sha256-u9qEka1auR7E3rd3/8/j8hkQdSOYj9bRJ4nYiFDR1sE="
        }
      ]
    },
    {
      "Route": "app.da95v2qkru.css",
      "AssetFile": "app.css",
      "Selectors": [],
      "ResponseHeaders": [
        {
          "Name": "Accept-Ranges",
          "Value": "bytes"
        },
        {
          "Name": "Cache-Control",
          "Value": "max-age=31536000, immutable"
        },
        {
          "Name": "Content-Length",
          "Value": "2591"
        },
        {
          "Name": "Content-Type",
          "Value": "text/css"
        },
        {
          "Name": "ETag",
          "Value": "\"u9qEka1auR7E3rd3/8/j8hkQdSOYj9bRJ4nYiFDR1sE=\""
        },
        {
          "Name": "Last-Modified",
          "Value": "Wed, 09 Apr 2025 08:27:34 GMT"
        }
      ],
      "EndpointProperties": [
        {
          "Name": "fingerprint",
          "Value": "da95v2qkru"
        },
        {
          "Name": "integrity",
          "Value": "sha256-u9qEka1auR7E3rd3/8/j8hkQdSOYj9bRJ4nYiFDR1sE="
        },
        {
          "Name": "label",
          "Value": "app.css"
        }
      ]
    },
    {
      "Route": "background.png",
      "AssetFile": "background.png",
      "Selectors": [],
      "ResponseHeaders": [
        {
          "Name": "Accept-Ranges",
          "Value": "bytes"
        },
        {
          "Name": "Cache-Control",
          "Value": "max-age=3600, must-revalidate"
        },
        {
          "Name": "Content-Length",
          "Value": "378"
        },
        {
          "Name": "Content-Type",
          "Value": "image/png"
        },
        {
          "Name": "ETag",
          "Value": "\"WeOKCkI7IdJHs2kCqsKgLfiWX4/sNPbaRUspOLefkCY=\""
        },
        {
          "Name": "Last-Modified",
          "Value": "Wed, 09 Apr 2025 08:27:34 GMT"
        }
      ],
      "EndpointProperties": [
        {
          "Name": "integrity",
          "Value": "sha256-WeOKCkI7IdJHs2kCqsKgLfiWX4/sNPbaRUspOLefkCY="
        }
      ]
    },
    {
      "Route": "background.x2rx4ajns0.png",
      "AssetFile": "background.png",
      "Selectors": [],
      "ResponseHeaders": [
        {
          "Name": "Accept-Ranges",
          "Value": "bytes"
        },
        {
          "Name": "Cache-Control",
          "Value": "max-age=31536000, immutable"
        },
        {
          "Name": "Content-Length",
          "Value": "378"
        },
        {
          "Name": "Content-Type",
          "Value": "image/png"
        },
        {
          "Name": "ETag",
          "Value": "\"WeOKCkI7IdJHs2kCqsKgLfiWX4/sNPbaRUspOLefkCY=\""
        },
        {
          "Name": "Last-Modified",
          "Value": "Wed, 09 Apr 2025 08:27:34 GMT"
        }
      ],
      "EndpointProperties": [
        {
          "Name": "fingerprint",
          "Value": "x2rx4ajns0"
        },
        {
          "Name": "integrity",
          "Value": "sha256-WeOKCkI7IdJHs2kCqsKgLfiWX4/sNPbaRUspOLefkCY="
        },
        {
          "Name": "label",
          "Value": "background.png"
        }
      ]
    },
    {
      "Route": "bootstrap/bootstrap.min.6gzpyzhau4.css",
      "AssetFile": "bootstrap/bootstrap.min.css",
      "Selectors": [],
      "ResponseHeaders": [
        {
          "Name": "Accept-Ranges",
          "Value": "bytes"
        },
        {
          "Name": "Cache-Control",
          "Value": "max-age=31536000, immutable"
        },
        {
          "Name": "Content-Length",
          "Value": "162726"
        },
        {
          "Name": "Content-Type",
          "Value": "text/css"
        },
        {
          "Name": "ETag",
          "Value": "\"SiIVMGgRhdXjKSTIddX7mh9IbOXVcwQWc7/p4nS6D/0=\""
        },
        {
          "Name": "Last-Modified",
          "Value": "Wed, 09 Apr 2025 08:27:34 GMT"
        }
      ],
      "EndpointProperties": [
        {
          "Name": "fingerprint",
          "Value": "6gzpyzhau4"
        },
        {
          "Name": "integrity",
          "Value": "sha256-SiIVMGgRhdXjKSTIddX7mh9IbOXVcwQWc7/p4nS6D/0="
        },
        {
          "Name": "label",
          "Value": "bootstrap/bootstrap.min.css"
        }
      ]
    },
    {
      "Route": "bootstrap/bootstrap.min.css",
      "AssetFile": "bootstrap/bootstrap.min.css",
      "Selectors": [],
      "ResponseHeaders": [
        {
          "Name": "Accept-Ranges",
          "Value": "bytes"
        },
        {
          "Name": "Cache-Control",
          "Value": "no-cache"
        },
        {
          "Name": "Content-Length",
          "Value": "162726"
        },
        {
          "Name": "Content-Type",
          "Value": "text/css"
        },
        {
          "Name": "ETag",
          "Value": "\"SiIVMGgRhdXjKSTIddX7mh9IbOXVcwQWc7/p4nS6D/0=\""
        },
        {
          "Name": "Last-Modified",
          "Value": "Wed, 09 Apr 2025 08:27:34 GMT"
        }
      ],
      "EndpointProperties": [
        {
          "Name": "integrity",
          "Value": "sha256-SiIVMGgRhdXjKSTIddX7mh9IbOXVcwQWc7/p4nS6D/0="
        }
      ]
    },
    {
      "Route": "bootstrap/bootstrap.min.css.8inm30yfxf.map",
      "AssetFile": "bootstrap/bootstrap.min.css.map",
      "Selectors": [],
      "ResponseHeaders": [
        {
          "Name": "Accept-Ranges",
          "Value": "bytes"
        },
        {
          "Name": "Cache-Control",
          "Value": "max-age=31536000, immutable"
        },
        {
          "Name": "Content-Length",
          "Value": "449111"
        },
        {
          "Name": "Content-Type",
          "Value": "text/plain"
        },
        {
          "Name": "ETag",
          "Value": "\"gBwg2tmA0Ci2u54gMF1jNCVku6vznarkLS6D76htNNQ=\""
        },
        {
          "Name": "Last-Modified",
          "Value": "Wed, 09 Apr 2025 08:27:34 GMT"
        }
      ],
      "EndpointProperties": [
        {
          "Name": "fingerprint",
          "Value": "8inm30yfxf"
        },
        {
          "Name": "integrity",
          "Value": "sha256-gBwg2tmA0Ci2u54gMF1jNCVku6vznarkLS6D76htNNQ="
        },
        {
          "Name": "label",
          "Value": "bootstrap/bootstrap.min.css.map"
        }
      ]
    },
    {
      "Route": "bootstrap/bootstrap.min.css.map",
      "AssetFile": "bootstrap/bootstrap.min.css.map",
      "Selectors": [],
      "ResponseHeaders": [
        {
          "Name": "Accept-Ranges",
          "Value": "bytes"
        },
        {
          "Name": "Cache-Control",
          "Value": "no-cache"
        },
        {
          "Name": "Content-Length",
          "Value": "449111"
        },
        {
          "Name": "Content-Type",
          "Value": "text/plain"
        },
        {
          "Name": "ETag",
          "Value": "\"gBwg2tmA0Ci2u54gMF1jNCVku6vznarkLS6D76htNNQ=\""
        },
        {
          "Name": "Last-Modified",
          "Value": "Wed, 09 Apr 2025 08:27:34 GMT"
        }
      ],
      "EndpointProperties": [
        {
          "Name": "integrity",
          "Value": "sha256-gBwg2tmA0Ci2u54gMF1jNCVku6vznarkLS6D76htNNQ="
        }
      ]
    },
    {
      "Route": "favicon.ifv42okdf2.png",
      "AssetFile": "favicon.png",
      "Selectors": [],
      "ResponseHeaders": [
        {
          "Name": "Accept-Ranges",
          "Value": "bytes"
        },
        {
          "Name": "Cache-Control",
          "Value": "max-age=31536000, immutable"
        },
        {
          "Name": "Content-Length",
          "Value": "1148"
        },
        {
          "Name": "Content-Type",
          "Value": "image/png"
        },
        {
          "Name": "ETag",
          "Value": "\"4mWsDy3aHl36ZbGt8zByK7Pvd4kRUoNgTYzRnwmPHwg=\""
        },
        {
          "Name": "Last-Modified",
          "Value": "Wed, 09 Apr 2025 08:27:34 GMT"
        }
      ],
      "EndpointProperties": [
        {
          "Name": "fingerprint",
          "Value": "ifv42okdf2"
        },
        {
          "Name": "integrity",
          "Value": "sha256-4mWsDy3aHl36ZbGt8zByK7Pvd4kRUoNgTYzRnwmPHwg="
        },
        {
          "Name": "label",
          "Value": "favicon.png"
        }
      ]
    },
    {
      "Route": "favicon.png",
      "AssetFile": "favicon.png",
      "Selectors": [],
      "ResponseHeaders": [
        {
          "Name": "Accept-Ranges",
          "Value": "bytes"
        },
        {
          "Name": "Cache-Control",
          "Value": "max-age=3600, must-revalidate"
        },
        {
          "Name": "Content-Length",
          "Value": "1148"
        },
        {
          "Name": "Content-Type",
          "Value": "image/png"
        },
        {
          "Name": "ETag",
          "Value": "\"4mWsDy3aHl36ZbGt8zByK7Pvd4kRUoNgTYzRnwmPHwg=\""
        },
        {
          "Name": "Last-Modified",
          "Value": "Wed, 09 Apr 2025 08:27:34 GMT"
        }
      ],
      "EndpointProperties": [
        {
          "Name": "integrity",
          "Value": "sha256-4mWsDy3aHl36ZbGt8zByK7Pvd4kRUoNgTYzRnwmPHwg="
        }
      ]
    }
  ]
}